split,idx,y_true,p_pos
test,105,0,0.000032
test,118,0,0.001598
test,130,0,0.049589
test,131,0,0.000817
test,132,0,0.070559
test,159,0,0.000019
test,172,0,0.000043
test,183,0,0.010489
test,190,0,0.000006
test,244,0,0.057492
test,292,0,0.000017
test,297,0,0.000006
test,342,0,0.000081
test,352,0,0.000626
test,379,0,0.000036
test,437,0,0.000779
test,441,0,0.000131
test,483,0,0.002360
test,517,0,0.000068
test,533,0,0.000169
test,544,0,0.000012
test,563,0,0.000019
test,579,0,0.000291
test,610,0,0.000064
test,616,0,0.001927
test,700,0,0.000149
test,766,0,0.000046
test,784,0,0.000018
test,785,0,0.000048
test,855,0,0.000120
test,862,0,0.067551
test,866,0,0.000095
test,873,0,0.000008
test,923,0,0.001170
test,927,0,0.000034
test,968,0,0.140335
test,1020,0,0.000054
test,1029,0,0.000010
test,1045,0,0.000016
test,1062,0,0.000527
test,1068,0,0.001082
test,1092,0,0.000020
test,1101,0,0.000357
test,1107,0,0.000082
test,1203,0,0.000296
test,1218,0,0.999924
test,1247,0,0.000341
test,1268,0,0.000480
test,1278,0,0.222700
test,1305,0,0.000016
test,1313,0,0.000031
test,1354,0,0.000007
test,1381,0,0.000014
test,1448,0,0.000014
test,1490,0,0.000144
test,1593,0,0.001549
test,1605,0,0.000090
test,1629,0,0.000223
test,1664,0,0.000042
test,1691,0,0.000269
test,1695,0,0.000151
test,1763,0,0.000856
test,1903,0,0.000158
test,1964,0,0.000042
test,1969,0,0.000194
test,1986,0,0.001649
test,2045,0,0.000234
test,2055,0,0.000261
test,2073,0,0.000056
test,2074,0,0.000010
test,2090,0,0.000083
test,2091,0,0.853910
test,2128,0,0.000227
test,2148,0,0.000016
test,2174,0,0.000022
test,2186,0,0.000970
test,2190,0,0.763482
test,2209,0,0.000437
test,2231,0,0.000018
test,2235,0,0.000607
test,2240,0,0.917301
test,2246,0,0.000646
test,2252,0,0.000092
test,2278,0,0.000063
test,2288,0,0.000008
test,2300,0,0.000133
test,2309,0,0.000015
test,2313,0,0.000012
test,2316,0,0.000213
test,2326,0,0.001082
test,2344,0,0.000123
test,2353,0,0.000007
test,2388,0,0.000010
test,2410,0,0.000078
test,2419,0,0.000022
test,2422,0,0.000065
test,2482,0,0.000043
test,2558,0,0.000017
test,2573,0,0.000431
test,2577,0,0.000035
test,2598,0,0.000025
test,2606,0,0.000033
test,2635,0,0.000019
test,2658,0,0.000036
test,2675,0,0.000050
test,2676,0,0.000009
test,2680,0,0.001116
test,2744,0,0.005302
test,2786,0,0.000151
test,2825,0,0.000417
test,2842,0,0.000019
test,2849,0,0.373869
test,2857,0,0.875784
test,2867,0,0.000142
test,2869,0,0.000305
test,2902,0,0.000310
test,2906,0,0.000036
test,2913,0,0.112793
test,2926,0,0.000008
test,2934,0,0.000019
test,2952,0,0.000051
test,2972,0,0.000088
test,2995,0,0.000060
test,3014,0,0.000035
test,3021,0,0.000036
test,3040,0,0.000018
test,3101,0,0.000009
test,3111,0,0.000024
test,3137,0,0.000310
test,3142,0,0.004007
test,3161,0,0.004265
test,3200,0,0.000710
test,3214,0,0.010013
test,3219,0,0.000010
test,3225,0,0.000161
test,3238,0,0.000147
test,3241,0,0.000042
test,3246,0,0.000012
test,3282,0,0.000024
test,3300,0,0.000151
test,3341,0,0.000036
test,3378,0,0.162380
test,3390,0,0.000067
test,3407,0,0.000217
test,3443,0,0.000064
test,3456,0,0.000043
test,3463,0,0.000213
test,3471,0,0.040238
test,3478,0,0.000197
test,3479,0,0.000027
test,3485,0,0.000003
test,3494,0,0.000011
test,3520,0,0.000064
test,3538,0,0.002149
test,3554,0,0.000078
test,3571,0,0.000191
test,3576,0,0.000022
test,3578,0,0.988313
test,3583,0,0.000086
test,3637,0,0.000099
test,3688,0,0.000223
test,3734,0,0.000040
test,3743,0,0.000047
test,3746,0,0.000013
test,3758,0,0.000030
test,3772,0,0.000064
test,3775,0,0.496089
test,3780,0,0.024423
test,3800,0,0.000116
test,3813,0,0.000048
test,3822,0,0.000008
test,3848,0,0.377536
test,3979,0,0.000123
test,4003,0,0.000016
test,4004,0,0.000033
test,4025,0,0.000019
test,4050,0,0.000025
test,4057,0,0.000116
test,4071,0,0.000027
test,4075,0,0.000253
test,4119,0,0.000022
test,4124,0,0.000007
test,4146,0,0.000022
test,4161,0,0.001001
test,4171,0,0.003594
test,4220,0,0.000061
test,4266,0,0.003222
test,4271,0,0.000006
test,4285,0,0.000404
test,4301,0,0.000220
test,4334,0,0.148049
test,4378,0,0.000120
test,4411,0,0.989013
test,4421,0,0.969785
test,4435,0,0.000220
test,4441,0,0.000011
test,4451,0,0.000015
test,4454,0,0.001478
test,4456,0,0.000032
test,4559,0,0.000417
test,4654,0,0.000005
test,4658,0,0.000047
test,4707,0,0.000210
test,4723,0,0.976669
test,4728,0,0.997917
test,4764,0,0.000029
test,4789,0,0.000677
test,4832,0,0.005730
test,4856,0,0.001573
test,4868,0,0.005140
test,4909,0,0.000004
test,4925,0,0.000027
test,4926,0,0.000017
test,4977,0,0.000120
test,4999,0,0.000305
test,5013,0,0.685945
test,5035,0,0.000066
test,5053,0,0.014282
test,5231,0,0.000188
test,5280,0,0.000104
test,5334,0,0.000253
test,5419,0,0.000191
test,5504,0,0.000536
test,5572,0,0.000008
test,5647,0,0.066569
test,5655,0,0.000210
test,5668,0,0.000020
test,5673,0,0.001927
test,5680,0,0.000082
test,5703,0,0.000075
test,5723,0,0.000067
test,5736,0,0.000020
test,5760,0,0.000101
test,5784,0,0.000010
test,5796,0,0.000431
test,5814,0,0.000010
test,5820,0,0.995170
test,5834,0,0.000013
test,5854,0,0.000817
test,5912,0,0.000010
test,5913,0,0.000027
test,5924,0,0.000004
test,5931,0,0.000010
test,5943,0,0.000037
test,5965,0,0.000125
test,5977,0,0.000231
test,6020,0,0.000265
test,6070,0,0.000180
test,6091,0,0.000009
test,6093,0,0.002473
test,6108,0,0.000016
test,6128,0,0.000330
test,6142,0,0.314045
test,6158,0,0.000035
test,6197,0,0.000032
test,6310,0,0.000033
test,6462,0,0.148047
test,6473,0,0.001245
test,6497,0,0.000380
test,6528,0,0.000015
test,6533,0,0.000357
test,6562,0,0.019124
test,6563,0,0.000056
test,6580,0,0.000127
test,6592,0,0.076960
test,6596,0,0.000133
test,6687,0,0.000059
test,6713,0,0.000005
test,6747,0,0.006098
test,6818,0,0.554464
test,6866,0,0.000043
test,6867,0,0.000104
test,6874,0,0.000496
test,6895,0,0.000051
test,6897,0,0.000310
test,6901,0,0.000060
test,6908,0,0.006488
test,6942,0,0.000488
test,6949,0,0.000044
test,6966,0,0.000026
test,6980,0,0.000213
test,6992,0,0.000217
test,7013,0,0.577492
test,7029,0,0.000022
test,7032,0,0.000792
test,7060,0,0.000090
test,7103,0,0.000009
test,7149,0,0.692639
test,7173,0,0.000025
test,7177,0,0.000140
test,7180,0,0.000617
test,7232,0,0.000034
test,7254,0,0.000111
test,7289,0,0.000220
test,7294,0,0.027585
test,7306,0,0.000083
test,7327,0,0.000086
test,7364,0,0.000177
test,7390,0,0.001325
test,7421,0,0.000012
test,7462,0,0.000291
test,7480,0,0.027585
test,7557,0,0.000182
test,7580,0,0.000024
test,7591,0,0.000014
test,7593,0,0.000368
test,7595,0,0.000067
test,7619,0,0.000804
test,7626,0,0.000013
test,7633,0,0.000015
test,7634,0,0.000024
test,7643,0,0.015190
test,7645,0,0.000253
test,7703,0,0.000044
test,7773,0,0.000034
test,7781,0,0.000363
test,7782,0,0.000056
test,7795,0,0.000346
test,7801,0,0.000007
test,7821,0,0.000238
test,7826,0,0.000009
test,7881,0,0.000045
test,7914,0,0.000185
test,7977,0,0.000125
test,7980,0,0.000185
test,7997,0,0.000052
test,8095,0,0.000220
test,8124,0,0.000142
test,8163,0,0.000022
test,8192,0,0.867032
test,8193,0,0.000021
test,8228,0,0.822186
test,8229,0,0.004982
test,8244,0,0.000101
test,8265,0,0.407329
test,8301,0,0.002890
test,8406,0,0.000111
test,8428,0,0.000015
test,8497,0,0.000031
test,8579,0,0.000123
test,8639,0,0.002252
test,8656,0,0.000073
test,8743,0,0.000368
test,8760,0,0.003884
test,8833,0,0.003075
test,8847,0,0.000075
test,8929,0,0.000607
test,8941,0,0.000020
test,8957,0,0.000149
test,8975,0,0.992654
test,8982,0,0.000049
test,9036,0,0.100877
test,9066,0,0.939024
test,9078,0,0.070559
test,9083,0,0.000154
test,9119,0,0.000047
test,9125,0,0.000049
test,9143,0,0.000154
test,9150,0,0.000488
test,9168,0,0.000207
test,9202,0,0.000006
test,9236,0,0.000817
test,9246,0,0.214704
test,9262,0,0.000014
test,9292,0,0.754920
test,9356,0,0.839731
test,9391,0,0.000005
test,9454,0,0.000227
test,9457,0,0.000101
test,9623,0,0.002397
test,9636,0,0.000012
test,9650,0,0.000054
test,9720,0,0.000069
test,9764,0,0.092688
test,9826,0,0.000238
test,9866,0,0.000013
test,9888,0,0.015189
test,9900,0,0.373875
test,9916,0,0.000003
test,10049,0,0.000047
test,10053,0,0.000018
test,10070,0,0.000112
test,10093,0,0.000511
test,10102,0,0.000030
test,10110,0,0.000351
test,10154,0,0.000116
test,10159,0,0.000041
test,10162,0,0.000018
test,10163,0,0.000031
test,10168,0,0.000171
test,10244,0,0.000076
test,10249,0,0.009126
test,10266,0,0.000026
test,10283,0,0.000080
test,10289,0,0.000017
test,10292,0,0.000076
test,10339,0,0.000016
test,10357,0,0.000055
test,10380,0,0.032590
test,10434,0,0.000012
test,10440,0,0.040846
test,10497,0,0.000045
test,10571,0,0.000188
test,10573,0,0.000220
test,10598,0,0.000055
test,10616,0,0.000017
test,10653,0,0.005220
test,10657,0,0.000018
test,10666,0,0.000106
test,10699,0,0.000287
test,10704,0,0.000046
test,10723,0,0.000203
test,10751,0,0.036220
test,10776,0,0.000071
test,10791,0,0.000033
test,10823,0,0.140334
test,10841,0,0.000028
test,10842,0,0.000710
test,10857,0,0.000046
test,10893,0,0.000017
test,10903,0,0.000156
test,10937,0,0.000174
test,10955,0,0.000022
test,10970,0,0.000038
test,10998,0,0.000036
test,11007,0,0.000016
test,11044,0,0.000147
test,11057,0,0.000147
test,11058,0,0.000016
test,11071,0,0.000014
test,11072,0,0.000074
test,11078,0,0.000048
test,11098,0,0.000125
test,11108,0,0.000011
test,11118,0,0.000180
test,11121,0,0.000073
test,11138,0,0.000368
test,11147,0,0.000025
test,11214,0,0.076962
test,11247,0,0.000029
test,11251,0,0.000010
test,11287,0,0.000016
test,11293,0,0.006290
test,11319,0,0.140337
test,11342,0,0.000056
test,11347,0,0.000069
test,11351,0,0.000011
test,11391,0,0.000021
test,11407,0,0.000024
test,11421,0,0.000213
test,11463,0,0.000074
test,11466,0,0.007938
test,11467,0,0.000081
test,11473,0,0.000051
test,11540,0,0.000131
test,11548,0,0.000030
test,11561,0,0.000792
test,11566,0,0.000026
test,11579,0,0.000030
test,11616,0,0.000009
test,11639,0,0.000019
test,11643,0,0.000014
test,11650,0,0.000104
test,11700,0,0.000013
test,11706,0,0.000032
test,11713,0,0.001988
test,11719,0,0.000049
test,11738,0,0.000022
test,11849,0,0.002397
test,11856,0,0.000374
test,11913,0,0.006904
test,11924,0,0.000101
test,11950,0,0.000013
test,11998,0,0.000024
test,12029,0,0.002758
test,12049,0,0.000107
test,12128,0,0.000008
test,12171,0,0.003075
test,12203,0,0.066568
test,12225,0,0.000013
test,12231,0,0.000011
test,12247,0,0.000005
test,12253,0,0.000009
test,12276,0,0.001346
test,12280,0,0.000010
test,12299,0,0.944176
test,12306,0,0.000104
test,12309,0,0.000008
test,12315,0,0.000028
test,12333,0,0.000080
test,12342,0,0.000021
test,12417,0,0.000009
test,12436,0,0.000335
test,12446,0,0.000021
test,12475,0,0.000036
test,12483,0,0.000042
test,12498,0,0.092686
test,12543,1,0.999762
test,12545,1,0.992423
test,12571,1,0.999709
test,12582,1,0.997488
test,12597,1,0.999659
test,12617,1,0.879146
test,12635,1,0.999430
test,12649,1,0.999751
test,12694,1,0.999898
test,12699,1,0.000688
test,12715,1,0.998043
test,12725,1,0.998901
test,12782,1,0.999183
test,12791,1,0.015907
test,12792,1,0.997527
test,12822,1,0.982287
test,12863,1,0.999464
test,12907,1,0.998774
test,12938,1,0.995170
test,12969,1,0.001478
test,13006,1,0.769077
test,13010,1,0.997019
test,13023,1,0.962107
test,13030,1,0.998073
test,13039,1,0.975946
test,13077,1,0.998675
test,13112,1,0.983085
test,13138,1,0.998567
test,13142,1,0.999654
test,13156,1,0.851949
test,13183,1,0.999233
test,13184,1,0.998190
test,13216,1,0.709019
test,13225,1,0.278255
test,13399,1,0.013848
test,13403,1,0.003124
test,13405,1,0.005221
test,13456,1,0.999842
test,13464,1,0.999344
test,13489,1,0.984575
test,13547,1,0.999534
test,13590,1,0.999393
test,13620,1,0.999722
test,13627,1,0.997817
test,13633,1,0.503920
test,13680,1,0.999905
test,13688,1,0.997783
test,13725,1,0.999608
test,13752,1,0.995318
test,13766,1,0.934394
test,13783,1,0.999777
test,13828,1,0.998849
test,13838,1,0.999354
test,13846,1,0.995735
test,13905,1,0.995735
test,13906,1,0.999364
test,13913,1,0.070559
test,13934,1,0.585100
test,13955,1,0.999602
test,14060,1,0.998567
test,14068,1,0.999790
test,14100,1,0.000156
test,14127,1,0.999726
test,14129,1,0.986979
test,14138,1,0.997242
test,14139,1,0.998849
test,14153,1,0.997603
test,14164,1,0.327666
test,14244,1,0.066580
test,14258,1,0.943347
test,14282,1,0.999654
test,14291,1,0.971564
test,14340,1,0.999670
test,14349,1,0.004070
test,14372,1,0.999731
test,14434,1,0.998326
test,14455,1,0.999015
test,14458,1,0.999780
test,14461,1,0.992423
test,14538,1,0.542883
test,14539,1,0.999512
test,14552,1,0.987179
test,14558,1,0.976669
test,14613,1,0.979354
test,14622,1,0.999183
test,14633,1,0.998073
test,14646,1,0.998545
test,14652,1,0.999888
test,14691,1,0.956635
test,14727,1,0.999354
test,14741,1,0.999208
test,14749,1,0.835493
test,14780,1,0.997640
test,14782,1,0.999015
test,14808,1,0.988842
test,14847,1,0.999842
test,14853,1,0.999438
test,14854,1,0.999589
test,14947,1,0.999632
test,14972,1,0.833323
test,14988,1,0.999731
test,15027,1,0.999534
test,15037,1,0.999374
test,15063,1,0.998522
test,15069,1,0.999773
test,15127,1,0.909910
test,15147,1,0.999364
test,15168,1,0.989013
test,15196,1,0.993612
test,15258,1,0.899122
test,15320,1,0.995993
test,15325,1,0.999569
test,15333,1,0.845941
test,15391,1,0.999806
test,15407,1,0.060085
test,15429,1,0.999520
test,15477,1,0.734102
test,15532,1,0.995318
test,15556,1,0.994615
test,15559,1,0.969323
test,15561,1,0.999144
test,15565,1,0.999659
test,15595,1,0.998793
test,15625,1,0.999643
test,15636,1,0.999670
test,15654,1,0.997019
test,15668,1,0.999344
test,15677,1,0.999770
test,15691,1,0.999030
test,15699,1,0.999735
test,15718,1,0.999549
test,15766,1,0.999709
test,15786,1,0.828938
test,15795,1,0.998774
test,15854,1,0.999542
test,15856,1,0.999183
test,15889,1,0.999877
test,15966,1,0.999739
test,15971,1,0.839731
test,16080,1,0.999709
test,16088,1,0.999649
test,16095,1,0.999815
test,16099,1,0.998901
test,16154,1,0.992423
test,16271,1,0.999481
test,16276,1,0.999504
test,16277,1,0.999680
test,16280,1,0.993512
test,16287,1,0.839733
test,16296,1,0.998830
test,16341,1,0.998352
test,16347,1,0.997449
test,16362,1,0.826707
test,16425,1,0.998590
test,16443,1,0.999527
test,16445,1,0.999030
test,16455,1,0.966913
test,16499,1,0.998073
test,16500,1,0.937209
test,16550,1,0.993902
test,16556,1,0.024055
test,16588,1,0.999739
test,16596,1,0.998499
test,16612,1,0.712234
test,16622,1,0.999421
test,16629,1,0.985043
test,16644,1,0.086325
test,16660,1,0.997155
test,16692,1,0.999030
test,16708,1,0.994445
test,16732,1,0.989347
test,16769,1,0.998611
test,16824,1,0.996876
test,16830,1,0.953965
test,16842,1,0.994089
test,16849,1,0.999722
test,16861,1,0.000496
test,16907,1,0.999718
test,16915,1,0.948916
test,16962,1,0.998716
test,16996,1,0.672328
test,17035,1,0.931462
test,17064,1,0.997851
test,17097,1,0.998402
test,17111,1,0.933430
test,17115,1,0.853910
test,17280,1,0.998884
test,17298,1,0.993996
test,17343,1,0.999751
test,17350,1,0.882426
test,17389,1,0.998299
test,17429,1,0.999659
test,17444,1,0.967410
test,17447,1,0.996925
test,17483,1,0.994860
test,17492,1,0.984811
test,17507,1,0.995866
test,17544,1,0.999268
test,17552,1,0.939912
test,17578,1,0.942505
test,17593,1,0.999015
test,17653,1,0.999815
test,17675,1,0.998951
test,17688,1,0.998377
test,17714,1,0.998475
test,17715,1,0.998968
test,17725,1,0.999504
test,17750,1,0.911178
test,17770,1,0.997368
test,17800,1,0.999060
test,17817,1,0.999589
test,17862,1,0.999301
test,17878,1,0.997065
test,17879,1,0.999563
test,17886,1,0.999614
test,17910,1,0.985271
test,17926,1,0.999670
test,17934,1,0.999643
test,17944,1,0.995668
test,17959,1,0.999542
test,17976,1,0.999015
test,17991,1,0.996462
test,18026,1,0.993807
test,18031,1,0.975946
test,18065,1,0.999844
test,18111,1,0.035678
test,18138,1,0.998273
test,18156,1,0.885630
test,18265,1,0.998793
test,18269,1,0.998611
test,18374,1,0.997110
test,18377,1,0.921920
test,18384,1,0.999430
test,18388,1,0.997110
test,18446,1,0.999826
test,18463,1,0.069540
test,18498,1,0.997851
test,18541,1,0.999632
test,18553,1,0.998326
test,18555,1,0.995095
test,18573,1,0.998590
test,18636,1,0.999766
test,18654,1,0.999809
test,18750,1,0.999233
test,18755,1,0.998073
test,18761,1,0.999886
test,18770,1,0.999430
test,18786,1,0.999793
test,18790,1,0.997851
test,18816,1,0.999731
test,18831,1,0.909906
test,18883,1,0.603926
test,18890,1,0.998499
test,18903,1,0.998793
test,18907,1,0.999818
test,18910,1,0.999596
test,18921,1,0.998499
test,18948,1,0.999421
test,18959,1,0.998218
test,18970,1,0.999473
test,19006,1,0.191932
test,19015,1,0.999183
test,19018,1,0.945800
test,19021,1,0.998901
test,19026,1,0.426318
test,19027,1,0.997713
test,19079,1,0.993202
test,19123,1,0.999800
test,19128,1,0.982823
test,19156,1,0.999770
test,19246,1,0.982823
test,19288,1,0.998273
test,19306,1,0.996055
test,19313,1,0.998675
test,19328,1,0.996623
test,19336,1,0.999344
test,19348,1,0.999873
test,19351,1,0.997817
test,19354,1,0.999722
test,19373,1,0.709025
test,19409,1,0.080358
test,19421,1,0.999489
test,19426,1,0.999489
test,19431,1,0.999844
test,19472,1,0.999751
test,19473,1,0.998675
test,19477,1,0.998736
test,19520,1,0.962673
test,19532,1,0.999464
test,19535,1,0.999882
test,19545,1,0.999512
test,19557,1,0.999000
test,19573,1,0.999589
test,19584,1,0.999589
test,19590,1,0.999438
test,19614,1,0.998849
test,19630,1,0.999596
test,19635,1,0.994940
test,19639,1,0.981736
test,19730,1,0.957912
test,19759,1,0.987946
test,19766,1,0.999780
test,19785,1,0.998849
test,19804,1,0.990291
test,19823,1,0.998849
test,19836,1,0.998918
test,19838,1,0.877473
test,19935,1,0.999576
test,19955,1,0.999699
test,19980,1,0.995801
test,19995,1,0.607659
test,20033,1,0.060977
test,20040,1,0.999208
test,20045,1,0.999709
test,20152,1,0.999654
test,20185,1,0.996925
test,20194,1,0.999456
test,20216,1,0.999665
test,20222,1,0.999722
test,20240,1,0.999777
test,20248,1,0.999290
test,20292,1,0.997884
test,20322,1,0.997603
test,20333,1,0.983343
test,20336,1,0.999894
test,20352,1,0.831144
test,20408,1,0.991152
test,20420,1,0.999157
test,20422,1,0.993202
test,20436,1,0.999323
test,20456,1,0.999583
test,20468,1,0.994615
test,20503,1,0.993902
test,20508,1,0.999364
test,20515,1,0.699246
test,20528,1,0.999497
test,20546,1,0.998755
test,20590,1,0.998968
test,20592,1,0.968855
test,20600,1,0.985271
test,20634,1,0.999374
test,20646,1,0.998377
test,20660,1,0.992423
test,20663,1,0.996406
test,20732,1,0.999837
test,20735,1,0.943347
test,20747,1,0.998716
test,20771,1,0.999739
test,20802,1,0.999812
test,20806,1,0.029763
test,20836,1,0.900526
test,20871,1,0.949670
test,20917,1,0.984575
test,20943,1,0.999602
test,20964,1,0.187130
test,20978,1,0.999312
test,20992,1,0.981735
test,21014,1,0.999301
test,21211,1,0.999000
test,21217,1,0.999569
test,21239,1,0.997981
test,21250,1,0.999880
test,21263,1,0.999680
test,21266,1,0.987758
test,21267,1,0.997019
test,21270,1,0.941653
test,21305,1,0.998884
test,21387,1,0.997409
test,21426,1,0.999931
test,21460,1,0.999563
test,21518,1,0.996293
test,21585,1,0.988668
test,21683,1,0.998675
test,21726,1,0.995532
test,21795,1,0.999812
test,21822,1,0.999690
test,21825,1,0.999481
test,21948,1,0.985718
test,21951,1,0.550604
test,21970,1,0.999183
test,21973,1,0.998161
test,21982,1,0.009559
test,22001,1,0.998475
test,22011,1,0.999726
test,22032,1,0.999608
test,22120,1,0.003273
test,22132,1,0.955981
test,22167,1,0.999699
test,22223,1,0.366588
test,22286,1,0.993307
test,22321,1,0.997449
test,22326,1,0.999233
test,22345,1,0.997677
test,22355,1,0.868825
test,22359,1,0.999806
test,22365,1,0.877487
test,22367,1,0.972414
test,22396,1,0.999713
test,22398,1,0.999542
test,22531,1,0.998696
test,22537,1,0.999780
test,22578,1,0.999583
test,22580,1,0.955981
test,22598,1,0.998590
test,22604,1,0.996350
test,22609,1,0.999060
test,22612,1,0.989986
test,22635,1,0.996570
test,22639,1,0.078081
test,22689,1,0.995390
test,22698,1,0.980580
test,22700,1,0.986777
test,22703,1,0.997603
test,22762,1,0.082696
test,22775,1,0.991938
test,22783,1,0.999170
test,22797,1,0.996462
test,22798,1,0.675766
test,22801,1,0.999879
test,22813,1,0.999856
test,22873,1,0.999793
test,22884,1,0.983847
test,22887,1,0.999131
test,22978,1,0.998103
test,22995,1,0.999718
test,23003,1,0.945801
test,23007,1,0.999563
test,23042,1,0.983085
test,23063,1,0.999713
test,23076,1,0.998132
test,23084,1,0.999290
test,23115,1,0.999256
test,23147,1,0.999823
test,23170,1,0.997368
test,23174,1,0.916108
test,23178,1,0.998793
test,23180,1,0.995318
test,23259,1,0.997566
test,23282,1,0.999718
test,23311,1,0.999699
test,23317,1,0.980580
test,23331,1,0.985043
test,23343,1,0.986363
test,23355,1,0.990291
test,23372,1,0.076966
test,23389,1,0.999208
test,23414,1,0.999665
test,23432,1,0.017986
test,23436,1,0.999030
test,23463,1,0.998968
test,23485,1,0.989182
test,23499,1,0.914900
test,23565,1,0.997677
test,23574,1,0.997713
test,23582,1,0.999602
test,23586,1,0.774581
test,23605,1,0.979976
test,23629,1,0.989672
test,23668,1,0.999497
test,23702,1,0.991554
test,23706,1,0.004331
test,23756,1,0.998793
test,23806,1,0.997884
test,23829,1,0.998830
test,23856,1,0.992423
test,23891,1,0.998402
test,23899,1,0.999800
test,23904,1,0.995318
test,23905,1,0.998901
test,23908,1,0.000424
test,24028,1,0.990440
test,24062,1,0.002019
test,24065,1,0.131172
test,24119,1,0.998696
test,24126,1,0.991014
test,24159,1,0.851951
test,24211,1,0.777296
test,24223,1,0.999430
test,24228,1,0.997884
test,24269,1,0.999421
test,24311,1,0.997527
test,24357,1,0.999766
test,24379,1,0.999777
test,24394,1,0.998299
test,24430,1,0.998377
test,24441,1,0.997449
test,24457,1,0.996406
test,24465,1,0.997949
test,24480,1,0.999589
test,24551,1,0.997748
test,24597,1,0.998073
test,24598,1,0.998654
test,24673,1,0.999834
test,24705,1,0.247989
test,24729,1,0.999777
test,24743,1,0.999886
test,24797,1,0.999157
test,24830,1,0.997603
test,24849,1,0.993512
test,24874,1,0.867035
test,24905,1,0.991812
test,24959,1,0.999731
test,24995,1,0.998830
challenge,0,0,0.000001
challenge,1,0,0.000003
challenge,2,0,0.000003
challenge,3,0,0.000001
challenge,4,0,0.000004
challenge,5,0,0.000001
challenge,6,0,0.000003
challenge,7,0,0.000001
challenge,8,0,0.000003
challenge,9,0,0.000003
challenge,10,1,0.999747
challenge,11,1,0.999952
challenge,12,1,0.999758
challenge,13,1,0.999891
challenge,14,1,0.999877
challenge,15,1,0.999911
challenge,16,1,0.992184
challenge,17,1,0.999815
challenge,18,1,0.976668
challenge,19,1,0.999812
challenge,20,1,0.999583
challenge,21,1,0.999722
challenge,22,1,0.999918
challenge,23,1,0.999464
challenge,24,1,0.999860
challenge,25,0,0.000006
challenge,26,0,0.000985
challenge,27,0,0.000004
challenge,28,0,0.000444
challenge,29,0,0.000001
challenge,30,0,0.000002
challenge,31,0,0.705778
challenge,32,0,0.000140
challenge,33,0,0.977370
challenge,34,0,0.999758
challenge,35,0,0.086320
challenge,36,0,0.998984
challenge,37,0,0.000111
challenge,38,1,0.000003
challenge,39,1,0.000008
challenge,40,1,0.999713
challenge,41,1,0.998427
challenge,42,1,0.998190
challenge,43,1,0.907308
challenge,44,1,0.986151
challenge,45,0,0.000004
challenge,46,0,0.000006
challenge,47,0,0.002551
challenge,48,0,0.000003
challenge,49,0,0.000011
